Source File	Size	loadResources	load	generateSnapshots	load-configure	scan	loadDepInfo	loadInfo	checkR4R4B	generateNarratives	validate	loadLists	checkConformanceResources	checkConformanceResources2	checkConformanceResources3	generateLogicalMaps	validateExpressions	scanForUsageStats	checkURLsUnique	processProvenanceDetails	generate1	generate2	generateLogicals	makeDependencies	generateExampleZip	generateValidationPack	scanProfilesForR5	scanExamplesForR5
/fsh-generated/resources/ImplementationGuide-hl7.fhir.fr.core.json	54006	-	0	0	0	0	0	0	21	69	0	0	0	0	0	0	0	1	0	0	192	317	0	0	0	15	0	2
fsh-generated/resources/Appointment-FRCoreAppointmentExample.json	1771	5	0	0	1	0	0	0	0	499	0	0	0	0	0	0	0	0	0	0	21	23	0	0	1	0	0	0
fsh-generated/resources/CodeSystem-fr-core-cs-circonstances-sortie.json	2158	4	0	0	0	0	0	0	1	14	0	0	0	0	0	0	0	0	0	0	15	476	0	0	0	1	0	0
fsh-generated/resources/CodeSystem-fr-core-cs-contact-relationship.json	9007	8	0	0	0	0	0	0	2	26	0	0	0	0	0	0	0	1	0	0	38	111	0	0	0	2	0	0
fsh-generated/resources/CodeSystem-fr-core-cs-fiabilite-identite.json	3398	3	0	0	0	0	0	0	1	9	0	0	0	0	0	0	0	0	0	0	25	50	0	0	0	0	0	0
fsh-generated/resources/CodeSystem-fr-core-cs-identifier-type.json	725	3	0	0	0	0	0	0	0	8	0	0	0	0	0	0	0	0	0	0	13	38	0	0	0	1	0	0
fsh-generated/resources/CodeSystem-fr-core-cs-location-identifier-type.json	1134	2	0	0	0	0	0	0	1	5	0	0	0	0	0	0	0	0	0	0	11	35	0	0	0	0	0	0
fsh-generated/resources/CodeSystem-fr-core-cs-location-physical-type.json	1688	3	0	0	0	0	0	0	0	6	0	0	0	0	0	0	0	0	0	0	14	39	0	0	0	1	0	0
fsh-generated/resources/CodeSystem-fr-core-cs-location-position-room.json	881	3	0	0	1	0	0	0	0	5	0	0	0	0	0	0	0	0	0	0	15	34	0	0	0	0	0	0
fsh-generated/resources/CodeSystem-fr-core-cs-location-type.json	1843	3	0	0	0	0	0	0	1	7	0	0	0	0	0	0	0	0	0	0	16	45	0	0	0	0	0	0
fsh-generated/resources/CodeSystem-fr-core-cs-marital-status.json	599	3	0	0	0	0	0	0	0	7	0	0	0	0	0	0	0	0	0	0	9	32	0	0	0	1	0	0
fsh-generated/resources/CodeSystem-fr-core-cs-method-collection.json	1078	2	0	0	0	0	0	0	1	6	0	0	0	0	0	0	0	0	0	0	12	33	0	0	0	0	0	0
fsh-generated/resources/CodeSystem-fr-core-cs-mode-validation-identity.json	2187	3	0	0	0	0	0	0	0	6	0	0	0	0	0	0	0	0	0	0	19	37	0	0	0	1	0	0
fsh-generated/resources/CodeSystem-fr-core-cs-schedule-type.json	737	3	0	0	0	0	0	0	0	7	0	0	0	0	0	0	0	0	0	0	9	31	0	0	0	0	0	0
fsh-generated/resources/CodeSystem-fr-core-cs-type-admission.json	786	3	0	0	0	0	0	0	0	6	0	0	0	0	0	0	0	0	0	0	9	30	0	0	0	0	0	0
fsh-generated/resources/CodeSystem-fr-core-cs-type-organisation.json	2520	3	0	0	0	0	0	0	1	8	0	0	0	0	0	0	0	1	0	0	14	36	0	0	0	1	0	1
fsh-generated/resources/CodeSystem-fr-core-cs-v2-0203.json	2960	3	0	0	0	0	0	0	0	9	0	0	0	0	0	0	0	0	0	0	15	35	0	0	0	1	0	0
fsh-generated/resources/CodeSystem-fr-core-cs-v2-0445.json	3153	4	0	0	0	0	0	0	1	9	0	0	0	0	0	0	0	0	0	0	14	37	0	0	0	0	0	0
fsh-generated/resources/CodeSystem-fr-core-cs-v2-3307.json	2482	3	0	0	1	0	0	0	1	7	0	0	0	0	0	0	0	0	0	0	21	35	0	0	0	1	0	0
fsh-generated/resources/CodeSystem-fr-core-cs-v2-3311.json	1412	2	0	0	0	0	0	0	0	7	0	0	0	0	0	0	0	0	0	0	16	31	0	0	0	0	0	0
fsh-generated/resources/Encounter-FRCoreEncounterExample.json	853	3	0	0	0	0	0	0	0	252	0	0	0	0	0	0	0	0	0	0	14	18	0	0	0	0	0	0
fsh-generated/resources/HealthcareService-svc-cardiologie-1.json	2466	4	0	0	0	0	0	0	0	7	0	0	0	0	0	0	0	0	0	0	18	28	0	0	0	0	0	0
fsh-generated/resources/Location-loc-radiologie-z.json	1016	3	0	0	0	0	0	0	1	3	0	0	0	0	0	0	0	0	0	0	14	25	0	0	0	0	0	0
fsh-generated/resources/Observation-FRCoreObservationBMIExample.json	1103	3	0	0	0	0	0	0	0	1416	0	0	0	0	0	0	0	0	0	0	16	24	0	0	0	0	0	0
fsh-generated/resources/Observation-FRCoreObservationBPExample.json	2545	4	0	0	0	0	0	0	0	1158	0	0	0	0	0	0	0	0	0	0	17	21	0	1	0	0	0	0
fsh-generated/resources/Observation-FRCoreObservationBodyHeightExample.json	863	3	0	0	0	0	0	0	1	1124	0	0	0	0	0	0	0	0	0	0	14	20	0	0	0	0	0	0
fsh-generated/resources/Observation-FRCoreObservationBodyTemperatureExample.json	874	4	0	0	1	0	0	0	0	1126	0	0	0	0	0	0	0	0	0	0	14	16	0	0	0	0	0	0
fsh-generated/resources/Observation-FRCoreObservationBodyWeightExample.json	886	3	0	0	0	0	0	0	0	1116	0	0	0	0	0	0	0	0	0	0	10	16	0	0	0	0	0	0
fsh-generated/resources/Observation-FRCoreObservationHeadCircumExample.json	875	3	0	0	0	0	0	0	0	703	0	0	0	0	0	0	0	0	0	0	9	19	0	0	0	0	0	0
fsh-generated/resources/Observation-FRCoreObservationHeartRateExample.json	889	3	0	0	0	0	0	0	0	1133	0	0	0	0	0	0	0	0	0	0	9	17	0	0	0	0	0	0
fsh-generated/resources/Organization-FRCoreOrganizationExample.json	1396	3	0	0	0	0	0	0	0	10	0	0	0	0	0	0	0	0	0	0	9	15	0	0	0	0	0	0
fsh-generated/resources/Patient-FRCorePatientExample.json	2384	3	0	0	0	0	0	0	1	2	0	0	0	0	0	0	0	0	0	0	12	22	0	0	0	0	0	0
fsh-generated/resources/Practitioner-FRCorePractitionerExample.json	2460	3	0	0	0	0	0	0	0	10	0	0	0	0	0	0	0	0	0	0	10	53	0	0	0	0	0	0
fsh-generated/resources/PractitionerRole-FRCorePractitionerRoleExample.json	1226	2	0	0	0	0	0	0	0	14	0	0	0	0	0	0	0	0	0	0	9	19	0	0	0	0	0	0
fsh-generated/resources/Schedule-FRCoreScheduleExample.json	2287	3	0	0	0	0	0	0	0	2	0	0	0	0	0	0	0	0	0	0	11	19	0	0	0	0	0	0
fsh-generated/resources/Slot-FRCoreSlotExample.json	945	3	0	0	0	0	0	0	1	2	0	0	0	0	0	0	0	0	0	0	10	17	0	0	0	0	0	0
fsh-generated/resources/StructureDefinition-fr-core-address-insee-code.json	1769	3	0	16	1	0	0	0	0	57	0	0	1	0	0	1	0	0	0	0	33	610	0	0	0	2	0	0
fsh-generated/resources/StructureDefinition-fr-core-address.json	1558	3	0	34	0	0	0	0	0	18	0	0	0	0	0	0	0	0	0	0	50	234	0	0	0	2	0	0
fsh-generated/resources/StructureDefinition-fr-core-appointment-operator.json	2603	3	0	22	0	0	0	0	0	12	0	0	0	0	0	0	0	0	0	0	52	172	0	0	0	2	0	1
fsh-generated/resources/StructureDefinition-fr-core-appointment.json	3887	3	0	57	0	0	0	0	0	37	0	0	0	0	0	0	0	1	0	0	132	331	0	0	0	6	0	0
fsh-generated/resources/StructureDefinition-fr-core-comment.json	1727	3	0	17	0	0	0	0	0	10	0	0	0	0	0	0	0	0	0	0	29	94	0	0	0	2	0	0
fsh-generated/resources/StructureDefinition-fr-core-contact-point-email-type.json	1787	3	0	21	0	0	0	0	0	9	0	0	0	0	0	0	0	0	0	0	31	92	0	0	0	1	0	1
fsh-generated/resources/StructureDefinition-fr-core-contact-point.json	1494	3	0	20	0	0	0	0	0	11	0	0	0	0	0	0	0	0	0	0	39	120	0	0	0	2	0	0
fsh-generated/resources/StructureDefinition-fr-core-encounter.json	12288	7	0	100	0	0	0	0	1	48	0	0	0	0	0	0	0	1	0	0	289	581	0	0	0	14	0	1
fsh-generated/resources/StructureDefinition-fr-core-estimated-discharge-date.json	1475	5	0	14	1	0	0	0	0	10	0	0	0	0	0	0	0	0	0	0	28	64	0	0	0	2	0	0
fsh-generated/resources/StructureDefinition-fr-core-healthcare-service.json	4519	5	0	97	0	0	0	0	0	26	0	0	0	0	0	0	0	1	0	0	151	234	0	0	0	7	0	0
fsh-generated/resources/StructureDefinition-fr-core-human-name-assembly-order.json	1982	3	0	17	0	0	0	0	0	25	0	0	0	0	0	0	0	0	0	0	31	64	0	0	0	1	0	0
fsh-generated/resources/StructureDefinition-fr-core-human-name.json	1482	3	0	21	0	0	0	0	0	13	0	0	0	0	0	0	0	0	0	0	39	77	0	0	0	1	0	0
fsh-generated/resources/StructureDefinition-fr-core-identity-reliability.json	6604	3	0	35	0	0	0	0	0	27	0	0	0	0	0	0	0	0	0	0	114	126	0	0	0	6	1	1
fsh-generated/resources/StructureDefinition-fr-core-location-position-room.json	1615	3	0	19	0	0	0	0	0	10	0	0	0	0	0	0	0	0	0	0	29	64	0	0	0	5	0	0
fsh-generated/resources/StructureDefinition-fr-core-location.json	5301	3	0	54	0	0	0	0	0	26	0	0	1	0	0	0	0	1	0	0	156	325	0	0	0	8	0	0
fsh-generated/resources/StructureDefinition-fr-core-lunar-date.json	1526	3	0	13	0	0	0	0	0	10	0	0	0	0	0	0	0	0	0	0	28	87	0	0	0	2	0	0
fsh-generated/resources/StructureDefinition-fr-core-medication-administration-inhaled-oxygen.json	3794	2	0	38	1	0	0	0	0	29	0	0	0	0	0	0	0	0	0	0	139	402	0	0	0	5	0	1
fsh-generated/resources/StructureDefinition-fr-core-observation-bmi.json	3799	3	0	122	0	0	0	0	0	33	0	0	0	0	0	0	0	1	0	0	202	1261	0	0	0	20	0	1
fsh-generated/resources/StructureDefinition-fr-core-observation-body-height.json	4604	4	0	82	0	0	0	0	1	34	0	0	0	0	0	0	0	1	0	0	208	1183	0	0	0	17	0	1
fsh-generated/resources/StructureDefinition-fr-core-observation-body-position-ext.json	2239	3	0	10	0	0	0	0	0	10	0	0	0	0	0	0	0	0	0	0	30	82	0	0	0	2	0	0
fsh-generated/resources/StructureDefinition-fr-core-observation-body-temperature.json	4513	2	0	79	0	0	0	0	0	31	0	0	0	0	0	0	0	1	0	0	206	962	0	0	0	12	0	0
fsh-generated/resources/StructureDefinition-fr-core-observation-body-weight.json	3793	3	0	74	0	0	0	0	0	30	0	0	0	0	0	0	0	1	0	0	199	397	0	0	0	16	0	1
fsh-generated/resources/StructureDefinition-fr-core-observation-bp.json	6716	3	0	119	0	0	0	0	0	60	0	0	0	0	0	0	0	2	0	0	388	1476	0	1	0	22	1	2
fsh-generated/resources/StructureDefinition-fr-core-observation-head-circum.json	3769	3	0	72	0	0	0	0	0	31	0	0	1	0	0	0	0	1	0	0	204	580	0	0	0	11	0	1
fsh-generated/resources/StructureDefinition-fr-core-observation-heartrate.json	5190	3	0	72	0	0	0	0	0	35	0	0	0	0	0	0	0	1	0	0	215	1437	0	0	0	13	0	1
fsh-generated/resources/StructureDefinition-fr-core-observation-height-body-position.json	2150	3	0	8	0	0	0	0	0	10	0	0	0	0	0	0	0	0	0	0	30	70	0	0	0	2	0	0
fsh-generated/resources/StructureDefinition-fr-core-observation-level-of-exertion.json	2244	3	0	6	0	0	0	0	0	8	0	0	0	0	0	0	0	0	0	0	29	61	0	0	0	1	0	0
fsh-generated/resources/StructureDefinition-fr-core-observation-resp-rate.json	4886	3	0	77	0	0	0	0	1	46	0	0	0	0	0	0	0	1	0	0	212	733	0	0	0	12	0	1
fsh-generated/resources/StructureDefinition-fr-core-observation-saturation-oxygen.json	5939	3	0	76	1	0	0	0	0	38	0	0	0	0	0	0	0	1	0	0	224	449	0	0	0	13	0	0
fsh-generated/resources/StructureDefinition-fr-core-organization-activity-field.json	1613	4	0	9	0	0	0	0	0	10	0	0	0	0	0	0	0	0	0	0	30	67	0	0	0	2	0	1
fsh-generated/resources/StructureDefinition-fr-core-organization-activity-type.json	1427	2	0	8	0	0	0	0	0	6	0	0	0	0	0	0	0	0	0	0	27	54	0	0	0	1	0	0
fsh-generated/resources/StructureDefinition-fr-core-organization-analysis-section.json	1457	3	0	7	0	0	0	0	0	9	0	0	0	0	0	0	0	0	0	0	28	51	0	0	0	1	0	0
fsh-generated/resources/StructureDefinition-fr-core-organization-applicant-act.json	1432	3	0	8	0	0	0	0	0	9	0	0	0	0	0	0	0	0	0	0	28	58	0	0	0	2	0	0
fsh-generated/resources/StructureDefinition-fr-core-organization-budget-letter.json	1429	2	0	8	0	0	0	0	0	9	0	0	0	0	0	0	0	0	0	0	27	53	0	0	0	1	0	0
fsh-generated/resources/StructureDefinition-fr-core-organization-description.json	1436	4	0	8	0	0	0	0	0	9	0	0	0	0	0	0	0	0	0	0	28	52	0	0	0	1	0	0
fsh-generated/resources/StructureDefinition-fr-core-organization-executant.json	1407	6	0	6	0	0	0	0	0	9	0	0	0	0	0	0	0	0	0	0	28	50	0	0	0	1	1	0
fsh-generated/resources/StructureDefinition-fr-core-organization-external.json	1411	5	0	8	0	0	0	0	0	9	0	0	0	0	0	0	0	0	0	0	27	50	0	0	0	1	0	0
fsh-generated/resources/StructureDefinition-fr-core-organization-field.json	1350	3	0	6	0	0	0	0	0	9	0	0	0	0	0	0	0	0	0	0	27	51	0	0	0	1	0	0
fsh-generated/resources/StructureDefinition-fr-core-organization-number-of-theorical-accomadation-space.json	1670	4	0	5	1	0	0	0	0	8	0	0	0	0	0	0	0	0	0	0	28	52	0	0	0	2	0	0
fsh-generated/resources/StructureDefinition-fr-core-organization-pole.json	5163	3	0	29	0	0	0	0	0	31	0	0	0	0	0	0	0	1	0	0	139	176	0	0	0	7	0	1
fsh-generated/resources/StructureDefinition-fr-core-organization-prestation-discipline.json	1527	3	0	7	0	0	0	0	0	9	0	0	0	0	0	0	0	0	0	0	28	92	0	0	0	2	0	0
fsh-generated/resources/StructureDefinition-fr-core-organization-short-name.json	1419	2	0	4	0	0	0	0	0	9	0	0	0	0	0	0	0	0	0	0	27	51	0	0	0	1	0	0
fsh-generated/resources/StructureDefinition-fr-core-organization-uac.json	4960	4	0	71	0	0	0	0	0	22	0	0	1	0	0	0	0	0	0	0	136	173	0	0	0	7	0	0
fsh-generated/resources/StructureDefinition-fr-core-organization-uf.json	8375	3	0	49	0	0	0	0	0	26	0	0	0	0	0	0	0	1	0	0	158	173	0	0	0	9	0	1
fsh-generated/resources/StructureDefinition-fr-core-organization.json	13342	4	0	118	0	0	0	0	0	66	0	0	0	0	0	0	0	1	0	0	384	382	0	0	0	19	0	1
fsh-generated/resources/StructureDefinition-fr-core-patient-birth-list-given-name.json	1859	2	0	6	0	0	0	0	0	8	0	0	0	0	0	0	0	0	0	0	29	53	0	0	0	2	0	0
fsh-generated/resources/StructureDefinition-fr-core-patient-birthdate-update-indicator.json	1472	3	0	6	0	0	0	0	0	6	0	0	0	0	0	0	0	0	0	0	27	66	0	0	0	1	0	0
fsh-generated/resources/StructureDefinition-fr-core-patient-contact-identifier.json	1560	3	0	8	1	0	0	0	0	8	0	0	0	0	0	0	0	0	0	0	26	51	0	0	0	1	0	0
fsh-generated/resources/StructureDefinition-fr-core-patient-death-place.json	1579	2	0	9	0	0	0	0	0	9	0	0	0	0	0	0	0	0	0	0	28	51	0	0	0	2	0	0
fsh-generated/resources/StructureDefinition-fr-core-patient-ins.json	11750	4	0	179	0	0	0	0	0	117	0	0	1	0	0	0	0	2	0	0	458	756	0	0	0	24	0	2
fsh-generated/resources/StructureDefinition-fr-core-patient-multiple-birth-r5.json	1844	3	0	8	0	0	0	0	1	6	0	0	0	0	0	0	0	0	0	0	28	67	0	0	0	1	0	0
fsh-generated/resources/StructureDefinition-fr-core-patient-nationality.json	3031	3	0	8	0	0	0	0	0	18	0	0	0	0	0	0	0	0	0	0	59	87	0	0	0	3	0	0
fsh-generated/resources/StructureDefinition-fr-core-patient.json	19309	4	0	2	0	0	0	0	0	75	0	0	0	0	0	0	0	2	0	0	456	537	0	0	0	22	0	1
fsh-generated/resources/StructureDefinition-fr-core-practitioner-role.json	4840	4	0	27	0	0	0	0	0	14	0	0	0	0	0	0	0	0	0	0	111	131	0	0	0	6	1	0
fsh-generated/resources/StructureDefinition-fr-core-practitioner-specialty.json	1609	5	0	5	0	0	0	0	0	7	0	0	0	0	0	0	0	0	0	0	29	53	0	0	0	1	0	1
fsh-generated/resources/StructureDefinition-fr-core-practitioner.json	13016	7	0	119	0	0	0	0	0	31	0	0	0	0	0	0	0	1	0	0	313	1436	0	0	0	15	0	1
fsh-generated/resources/StructureDefinition-fr-core-related-person.json	4404	3	0	53	0	0	0	0	0	15	0	0	0	0	0	0	0	1	0	0	142	171	0	0	0	8	0	0
fsh-generated/resources/StructureDefinition-fr-core-schedule-availability-time.json	22494	5	0	64	0	0	1	0	0	41	0	0	0	0	0	0	0	1	0	0	382	264	0	1	0	16	0	1
fsh-generated/resources/StructureDefinition-fr-core-schedule.json	4055	3	0	24	1	0	0	0	1	11	0	0	0	0	0	0	0	0	0	0	84	103	0	0	0	3	0	0
fsh-generated/resources/StructureDefinition-fr-core-service-type-duration.json	3651	3	0	9	0	0	0	0	0	8	0	0	1	0	0	0	0	0	0	0	62	73	0	0	0	3	0	1
fsh-generated/resources/StructureDefinition-fr-core-slot.json	2262	2	0	27	0	0	0	0	0	10	0	0	0	0	0	0	0	1	0	0	89	135	0	0	0	3	0	0
fsh-generated/resources/StructureDefinition-fr-core-use-period.json	1358	3	0	6	0	0	0	0	0	6	0	0	0	0	0	0	0	0	0	0	27	50	0	0	0	1	0	0
fsh-generated/resources/ValueSet-fr-core-vs-availability-time-rule.json	1828	3	0	0	0	0	0	0	0	1168	0	0	0	0	0	0	0	0	0	0	11	1024	0	0	0	1	0	0
fsh-generated/resources/ValueSet-fr-core-vs-body-position.json	2146	3	0	0	0	0	0	0	1	1675	0	0	0	0	0	0	0	0	0	0	13	604	0	0	0	0	0	0
fsh-generated/resources/ValueSet-fr-core-vs-bp-meas-body-location.json	3106	2	0	0	0	0	0	0	0	311	0	0	0	0	0	0	0	0	0	0	13	592	0	0	0	0	0	0
fsh-generated/resources/ValueSet-fr-core-vs-bp-meas-method.json	1503	3	0	0	0	0	0	0	0	264	0	0	0	0	0	0	0	0	0	0	10	33	0	0	0	1	0	0
fsh-generated/resources/ValueSet-fr-core-vs-bp-method.json	1426	3	0	0	0	0	0	0	1	259	0	0	0	0	0	0	0	0	0	0	9	294	0	0	0	0	0	0
fsh-generated/resources/ValueSet-fr-core-vs-cog-commune-pays.json	970	2	0	0	0	0	0	0	0	20	0	0	0	0	0	0	0	0	0	0	9	1450	0	0	0	0	0	0
fsh-generated/resources/ValueSet-fr-core-vs-contact-relationship.json	9217	3	0	0	0	0	0	0	1	17	0	0	0	0	0	0	0	0	0	0	36	139	0	0	0	1	0	0
fsh-generated/resources/ValueSet-fr-core-vs-email-type.json	964	3	0	0	0	0	0	0	0	5	0	0	0	0	0	0	0	0	0	0	15	31	0	0	0	0	0	0
fsh-generated/resources/ValueSet-fr-core-vs-encounter-class.json	1491	3	0	0	0	0	0	0	1	5	0	0	0	0	0	0	0	0	0	0	12	49	0	0	0	1	0	0
fsh-generated/resources/ValueSet-fr-core-vs-encounter-discharge-disposition.json	1532	3	0	0	1	0	0	0	0	4	0	0	0	0	0	0	0	0	0	0	10	54	0	0	0	0	0	0
fsh-generated/resources/ValueSet-fr-core-vs-encounter-identifier-type.json	1387	2	0	0	0	0	0	0	0	3	0	0	0	0	0	0	0	0	0	0	9	31	0	0	0	0	0	0
fsh-generated/resources/ValueSet-fr-core-vs-encounter-type.json	2230	3	0	0	0	0	0	0	1	5	0	0	0	0	0	0	0	0	0	0	13	37	0	0	0	1	0	0
fsh-generated/resources/ValueSet-fr-core-vs-heartrate-body-location.json	4722	6	0	0	0	0	0	0	0	558	0	0	0	0	0	0	0	0	0	0	17	61	0	0	0	0	0	0
fsh-generated/resources/ValueSet-fr-core-vs-heartrate-measurement-method.json	1585	6	0	0	0	0	0	0	1	2558	0	0	0	0	0	0	0	0	0	0	10	1504	0	0	0	1	0	0
fsh-generated/resources/ValueSet-fr-core-vs-height-body-position.json	902	5	0	0	0	0	0	0	0	529	0	0	0	0	0	0	0	0	0	0	9	659	0	0	0	0	0	0
fsh-generated/resources/ValueSet-fr-core-vs-height-meas-method.json	984	6	0	0	0	0	0	0	0	256	0	0	0	0	0	0	0	0	0	0	10	24	0	0	0	1	0	0
fsh-generated/resources/ValueSet-fr-core-vs-identity-method-collection.json	657	3	0	0	0	0	0	0	0	3	0	0	0	0	0	0	0	0	0	0	8	23	0	0	0	0	0	0
fsh-generated/resources/ValueSet-fr-core-vs-identity-reliability.json	605	3	0	0	0	0	0	0	0	3	0	0	0	0	0	0	0	0	0	0	9	47	0	0	0	0	0	0
fsh-generated/resources/ValueSet-fr-core-vs-insee-code.json	571	3	0	0	1	0	0	0	1	3	0	0	0	0	0	0	0	0	0	0	8	1126	0	0	0	0	0	0
fsh-generated/resources/ValueSet-fr-core-vs-location-identifier-type.json	1814	2	0	0	0	0	0	0	0	4	0	0	0	0	0	0	0	0	0	0	11	27	0	0	0	1	0	0
fsh-generated/resources/ValueSet-fr-core-vs-location-physical-type.json	2376	3	0	0	0	0	0	0	0	9	0	0	0	0	0	0	0	0	0	0	12	42	0	0	0	0	0	0
fsh-generated/resources/ValueSet-fr-core-vs-location-position-room.json	1299	3	0	0	0	0	0	0	1	3	0	0	0	0	0	0	0	0	0	0	10	29	0	0	0	1	0	0
fsh-generated/resources/ValueSet-fr-core-vs-location-type.json	1263	2	0	0	0	0	0	0	0	3	0	0	0	0	0	0	0	0	0	0	9	33	0	0	0	0	0	0
fsh-generated/resources/ValueSet-fr-core-vs-marital-status.json	878	3	0	0	0	0	0	0	0	6	0	0	0	0	0	0	0	0	0	0	11	40	0	0	0	0	0	0
fsh-generated/resources/ValueSet-fr-core-vs-mode-validation-identity-ins.json	899	2	0	0	0	0	0	0	0	4	0	0	0	0	0	0	0	0	0	0	9	26	0	0	0	1	0	0
fsh-generated/resources/ValueSet-fr-core-vs-mode-validation-identity.json	635	3	0	0	0	0	0	0	0	3	0	0	0	0	0	0	0	0	0	0	9	39	0	0	0	0	0	1
fsh-generated/resources/ValueSet-fr-core-vs-organization-activity-field.json	1114	3	0	0	0	0	0	0	1	3	0	0	0	0	0	0	0	0	0	0	9	97	0	0	0	0	0	0
fsh-generated/resources/ValueSet-fr-core-vs-organization-identifier-type.json	1872	3	0	0	0	0	0	0	0	6	0	0	0	0	0	0	0	0	0	0	11	30	0	0	0	1	0	0
fsh-generated/resources/ValueSet-fr-core-vs-organization-type.json	2332	3	0	0	0	0	0	0	0	8	0	0	0	0	0	0	0	1	0	0	13	43	0	0	0	0	0	0
fsh-generated/resources/ValueSet-fr-core-vs-organization-uf-activity-field.json	2047	4	0	0	0	0	0	0	1	7	0	0	0	0	0	0	0	0	0	0	12	43	0	0	0	1	0	0
fsh-generated/resources/ValueSet-fr-core-vs-patient-contact-role.json	1237	3	0	0	1	0	0	0	0	9	0	0	0	0	0	0	0	0	0	0	13	38	0	0	0	0	0	0
fsh-generated/resources/ValueSet-fr-core-vs-patient-gender.json	942	3	0	0	0	0	0	0	0	18	0	0	0	0	0	0	0	0	0	0	10	31	0	0	0	0	0	0
fsh-generated/resources/ValueSet-fr-core-vs-patient-identifier-type.json	1960	2	0	0	0	0	0	0	1	19	0	0	0	0	0	0	0	0	0	0	12	41	0	0	0	1	0	0
fsh-generated/resources/ValueSet-fr-core-vs-patient-identifier-use-ins.json	795	3	0	0	0	0	0	0	0	7	0	0	0	0	0	0	0	0	0	0	10	25	0	0	0	0	0	0
fsh-generated/resources/ValueSet-fr-core-vs-patient-identifier-use-pi.json	895	2	0	0	0	0	0	0	0	59	0	0	0	0	0	0	0	0	0	0	10	23	0	0	0	1	0	0
fsh-generated/resources/ValueSet-fr-core-vs-practitioner-identifier-type.json	2332	3	0	0	0	0	0	0	0	10	0	0	0	0	0	0	0	0	0	0	14	34	0	0	0	0	0	0
fsh-generated/resources/ValueSet-fr-core-vs-practitioner-role-exercice.json	1795	3	0	0	0	0	0	0	1	21	0	0	0	0	0	0	0	0	0	0	14	261	0	0	0	1	0	0
fsh-generated/resources/ValueSet-fr-core-vs-practitioner-specialty.json	1129	2	0	0	0	0	0	0	0	24	0	0	0	0	0	0	0	0	0	0	10	163	0	0	0	0	0	0
fsh-generated/resources/ValueSet-fr-core-vs-relation-type.json	865	3	0	0	0	0	0	0	0	14	0	0	0	0	0	0	0	0	0	0	9	188	0	0	0	0	0	0
fsh-generated/resources/ValueSet-fr-core-vs-respiratory-rate-meas-method.json	1021	3	0	0	0	0	0	0	0	253	0	0	0	0	0	0	0	0	0	0	9	24	0	0	0	1	0	0
fsh-generated/resources/ValueSet-fr-core-vs-schedule-type.json	1352	2	0	0	0	0	0	0	0	4	0	0	0	0	0	0	0	0	0	0	10	25	0	0	0	0	0	0
fsh-generated/resources/ValueSet-fr-core-vs-schedule-unavailability-reason.json	1286	3	0	0	0	0	0	0	1	4	0	0	0	0	0	0	0	0	0	0	10	21	0	0	0	0	0	0
fsh-generated/resources/ValueSet-fr-core-vs-spo2-body-location.json	1123	3	0	0	0	0	0	0	0	259	0	0	0	0	0	0	0	0	0	0	9	23	0	0	0	0	0	0
fsh-generated/resources/ValueSet-fr-core-vs-title.json	981	2	0	0	1	0	0	0	0	4	0	0	0	0	0	0	0	0	0	0	9	25	0	0	0	1	0	0
fsh-generated/resources/ValueSet-fr-core-vsbody-temp-meas-body-location.json	2032	3	0	0	0	0	0	0	0	261	0	0	0	0	0	0	0	0	0	0	11	31	0	0	0	0	0	0
/fsh-generated/includes/fsh-link-references.md	12163	-	-	-	0	0	0	0	0	0	0	0	0	0	0	0	0	0	0	0	0	0	0	0	0	0	0	0
/fsh-generated/includes/menu.xml	2160	-	-	-	0	0	0	0	0	0	0	0	0	0	0	0	0	0	0	0	0	0	0	0	0	0	0	0
/input/data/features.yml	164	-	-	-	0	0	0	0	0	0	0	0	0	0	0	0	0	0	0	0	0	0	0	0	0	0	0	0
/input/pagecontent/change_notes.md	12781	-	-	-	0	0	0	0	0	0	0	0	0	0	0	0	0	0	0	0	0	0	0	0	0	0	0	0
/input/pagecontent/StructureDefinition-fr-core-patient-ins-intro.md	1238	-	-	-	0	0	0	0	0	0	0	0	0	0	0	0	0	0	0	0	0	0	0	0	0	0	0	0
/input/pagecontent/bonnes_pratiques.md	3035	-	-	-	0	0	0	0	0	0	0	0	0	0	0	0	0	0	0	0	0	0	0	0	0	0	0	0
/input/pagecontent/StructureDefinition-fr-core-practitioner-intro.md	730	-	-	-	0	0	0	0	0	0	0	0	0	0	0	0	0	0	0	0	0	0	0	0	0	0	0	0
/input/pagecontent/profile_list.md	2415	-	-	-	0	0	0	0	0	0	0	0	0	0	0	0	0	0	0	0	0	7	0	0	0	0	0	0
/input/pagecontent/downloads.md	927	-	-	-	0	0	0	0	0	0	0	0	0	0	0	0	0	0	0	0	0	0	0	0	0	0	0	0
/input/pagecontent/a_propos.md	1999	-	-	-	0	0	0	0	0	0	0	0	0	0	0	0	0	0	0	0	0	0	0	0	0	0	0	0
/input/pagecontent/known_problems.md	1066	-	-	-	0	0	0	0	0	0	0	0	0	0	0	0	0	0	0	0	0	0	0	0	0	0	0	0
/input/pagecontent/index.md	9146	-	-	-	0	0	0	0	0	0	0	0	0	0	0	0	0	0	0	0	0	1	0	0	0	0	0	0
/input/pagecontent/autres_ressources.md	0	-	-	-	0	0	0	0	0	0	0	0	0	0	0	0	0	0	0	0	0	0	0	0	0	0	0	0
/template/config	0	-	-	-	0	0	0	0	0	0	0	0	0	0	0	0	0	0	0	0	0	0	0	0	0	0	0	0
/template/config/_config.yml	31	-	-	-	0	0	0	0	0	0	0	0	0	0	0	0	0	0	0	0	0	0	0	0	0	0	0	0
/input/images	0	-	-	-	0	0	0	0	0	0	0	0	0	0	0	0	0	0	0	0	0	0	0	0	0	0	0	0
/input/images/anImage.png	36288	-	-	-	0	0	0	0	0	0	0	0	0	0	0	0	0	0	0	0	0	0	0	0	0	0	0	0
/temp/pages/_includes/artifacts.xml	70020	-	-	-	-	-	-	-	-	-	-	-	-	-	-	-	-	-	-	-	-	1	0	0	0	0	0	0
